<?xml version = '1.0' encoding = 'UTF-8'?>
<Table class="oracle.dbtools.crest.model.design.relational.Table" directorySegmentName="seg_0" id="EF4559DC-1030-B84E-30B4-EF31908770A8" name="DIM_PROD_SERV">
<createdBy>logonrmlocal</createdBy>
<createdTime>2019-09-03 23:40:48 UTC</createdTime>
<generatorID>78F57B47-32EA-4E91-01C4-7F0F2BDF63B1</generatorID>
<ownerDesignName>exercicio</ownerDesignName>
<typeID>2</typeID>
<allowColumnReorder>false</allowColumnReorder>
<existDependencyGenerateInDDl>true</existDependencyGenerateInDDl>
<parsed>true</parsed>
<columns itemClass="oracle.dbtools.crest.model.design.relational.Column">
<Column name="SK_PROD_SERV" id="DC569EA2-F50C-AB31-E374-3050C526BB7B">
<createdBy>logonrmlocal</createdBy>
<createdTime>2019-09-03 23:40:48 UTC</createdTime>
<generatorID>ECB8BCD0-75A8-49C7-FB9B-89F32DAEB2F8</generatorID>
<ownerDesignName>exercicio</ownerDesignName>
<useDomainConstraints>false</useDomainConstraints>
<use>1</use>
<logicalDatatype>LOGDT019</logicalDatatype>
<ownDataTypeParameters>,,</ownDataTypeParameters>
<autoIncrementCycle>false</autoIncrementCycle>
</Column>
<Column name="NM_PROD_SERV" id="A5C2FEF2-152B-3CF2-D27E-34DF8D40F28D">
<createdBy>logonrmlocal</createdBy>
<createdTime>2019-09-03 23:40:48 UTC</createdTime>
<generatorID>6A7819C2-9C61-960A-1225-DDDB25A25D85</generatorID>
<ownerDesignName>exercicio</ownerDesignName>
<nullsAllowed>true</nullsAllowed>
<useDomainConstraints>false</useDomainConstraints>
<use>1</use>
<logicalDatatype>LOGDT024</logicalDatatype>
<dataTypeSize>50</dataTypeSize>
<ownDataTypeParameters>50,,</ownDataTypeParameters>
<autoIncrementCycle>false</autoIncrementCycle>
</Column>
</columns>
<indexes itemClass="oracle.dbtools.crest.model.design.relational.Index">
<ind_PK_UK id="B648C1E0-C2B0-A282-E173-B1D0E4808815" name="DIM_PROD_SERV_PK">
<createdBy>logonrmlocal</createdBy>
<createdTime>2019-09-03 23:45:48 UTC</createdTime>
<ownerDesignName>exercicio</ownerDesignName>
<pk>true</pk>
<indexState>Primary Constraint</indexState>
<isSurrogateKey>false</isSurrogateKey>
<indexColumnUsage>
<colUsage columnID="DC569EA2-F50C-AB31-E374-3050C526BB7B"/>
</indexColumnUsage>
</ind_PK_UK>
</indexes>
</Table>