<?xml version = '1.0' encoding = 'UTF-8'?>
<relationalModel class="oracle.dbtools.crest.model.design.relational.RelationalDesign" name="Relational_1" id="50DAF716-8530-8238-2E5F-CB33617A81FC" mainViewID="25185737-4EEA-BCD6-B835-BE7111605B01">
<createdBy>logonrmlocal</createdBy>
<createdTime>2019-09-03 23:36:04 UTC</createdTime>
<ownerDesignName>exercicio</ownerDesignName>
<shouldBeOpen>false</shouldBeOpen>
<selectedRDBMSSite>32076570-2523-435C-2E92-BF29817DFF70</selectedRDBMSSite>
</relationalModel>