<?xml version = '1.0' encoding = 'UTF-8'?>
<Entity class="oracle.dbtools.crest.model.design.logical.Entity" directorySegmentName="seg_0" id="78F57B47-32EA-4E91-01C4-7F0F2BDF63B1" name="DIM_PROD_SERV">
<createdBy>logonrmlocal</createdBy>
<createdTime>2019-09-03 23:36:17 UTC</createdTime>
<ownerDesignName>exercicio</ownerDesignName>
<engineerTo>
<item key="50DAF716-8530-8238-2E5F-CB33617A81FC" value="true"/>
</engineerTo>
<adequatelyNormalized>NO</adequatelyNormalized>
<expectedVolumes>0</expectedVolumes>
<fwdEngineeringStrategyName>Single Table</fwdEngineeringStrategyName>
<growthPercent>0</growthPercent>
<growthType>Year</growthType>
<maxVolumes>9999999</maxVolumes>
<minVolumes>0</minVolumes>
<normalForm>Third</normalForm>
<attributes itemClass="oracle.dbtools.crest.model.design.logical.Attribute">
<Attribute name="SK_PROD_SERV" id="ECB8BCD0-75A8-49C7-FB9B-89F32DAEB2F8">
<createdBy>logonrmlocal</createdBy>
<createdTime>2019-09-03 23:39:16 UTC</createdTime>
<ownerDesignName>exercicio</ownerDesignName>
<engineerTo>
<item key="50DAF716-8530-8238-2E5F-CB33617A81FC" value="true"/>
</engineerTo>
<nullsAllowed>true</nullsAllowed>
<use>0</use>
<ownDataTypeParameters>,,</ownDataTypeParameters>
</Attribute>
<Attribute name="NM_PROD_SERV" id="6A7819C2-9C61-960A-1225-DDDB25A25D85">
<createdBy>logonrmlocal</createdBy>
<createdTime>2019-09-03 23:39:17 UTC</createdTime>
<ownerDesignName>exercicio</ownerDesignName>
<engineerTo>
<item key="50DAF716-8530-8238-2E5F-CB33617A81FC" value="true"/>
</engineerTo>
<nullsAllowed>true</nullsAllowed>
<use>0</use>
<ownDataTypeParameters>,,</ownDataTypeParameters>
</Attribute>
</attributes>
</Entity>