<?xml version = '1.0' encoding = 'UTF-8'?>
<Entity class="oracle.dbtools.crest.model.design.logical.Entity" directorySegmentName="seg_0" id="AE495ACF-2073-EDE3-DF1B-0B3A3005C44B" name="DIM_PROMOCAO">
<createdBy>logonrmlocal</createdBy>
<createdTime>2019-09-03 23:36:31 UTC</createdTime>
<ownerDesignName>exercicio</ownerDesignName>
<engineerTo>
<item key="50DAF716-8530-8238-2E5F-CB33617A81FC" value="true"/>
</engineerTo>
<adequatelyNormalized>NO</adequatelyNormalized>
<expectedVolumes>0</expectedVolumes>
<fwdEngineeringStrategyName>Single Table</fwdEngineeringStrategyName>
<growthPercent>0</growthPercent>
<growthType>Year</growthType>
<maxVolumes>9999999</maxVolumes>
<minVolumes>0</minVolumes>
<normalForm>Third</normalForm>
<attributes itemClass="oracle.dbtools.crest.model.design.logical.Attribute">
<Attribute name="SK_DESCONTO" id="D6DD0EAB-0955-EB3B-986A-FBE07C3A23BF">
<createdBy>logonrmlocal</createdBy>
<createdTime>2019-09-03 23:39:48 UTC</createdTime>
<ownerDesignName>exercicio</ownerDesignName>
<engineerTo>
<item key="50DAF716-8530-8238-2E5F-CB33617A81FC" value="true"/>
</engineerTo>
<nullsAllowed>true</nullsAllowed>
<use>0</use>
<ownDataTypeParameters>,,</ownDataTypeParameters>
</Attribute>
<Attribute name="NM_PROMOCAO" id="A722325D-0851-FF9D-E26D-E8664818DD84">
<createdBy>logonrmlocal</createdBy>
<createdTime>2019-09-03 23:39:48 UTC</createdTime>
<ownerDesignName>exercicio</ownerDesignName>
<engineerTo>
<item key="50DAF716-8530-8238-2E5F-CB33617A81FC" value="true"/>
</engineerTo>
<nullsAllowed>true</nullsAllowed>
<use>0</use>
<ownDataTypeParameters>,,</ownDataTypeParameters>
</Attribute>
<Attribute name="PERC_DESCONTO" id="54453C76-3B81-E233-3293-0A28AAF4685D">
<createdBy>logonrmlocal</createdBy>
<createdTime>2019-09-03 23:39:48 UTC</createdTime>
<ownerDesignName>exercicio</ownerDesignName>
<engineerTo>
<item key="50DAF716-8530-8238-2E5F-CB33617A81FC" value="true"/>
</engineerTo>
<nullsAllowed>true</nullsAllowed>
<use>0</use>
<ownDataTypeParameters>,,</ownDataTypeParameters>
</Attribute>
<Attribute name="DT_INICIO" id="C4F41E52-0712-5069-B544-5621787CF50C">
<createdBy>logonrmlocal</createdBy>
<createdTime>2019-09-03 23:39:48 UTC</createdTime>
<ownerDesignName>exercicio</ownerDesignName>
<engineerTo>
<item key="50DAF716-8530-8238-2E5F-CB33617A81FC" value="true"/>
</engineerTo>
<nullsAllowed>true</nullsAllowed>
<use>0</use>
<ownDataTypeParameters>,,</ownDataTypeParameters>
</Attribute>
<Attribute name="DT_FIM" id="3B625650-001D-611D-1655-6456496F6C30">
<createdBy>logonrmlocal</createdBy>
<createdTime>2019-09-03 23:39:48 UTC</createdTime>
<ownerDesignName>exercicio</ownerDesignName>
<engineerTo>
<item key="50DAF716-8530-8238-2E5F-CB33617A81FC" value="true"/>
</engineerTo>
<nullsAllowed>true</nullsAllowed>
<use>0</use>
<ownDataTypeParameters>,,</ownDataTypeParameters>
</Attribute>
</attributes>
</Entity>