<?xml version = '1.0' encoding = 'UTF-8'?>
<Entity class="oracle.dbtools.crest.model.design.logical.Entity" directorySegmentName="seg_0" id="B9CE701C-832F-E4A6-F928-EFEE51047CB7" name="DIM_TEMPO">
<createdBy>logonrmlocal</createdBy>
<createdTime>2019-09-03 23:36:13 UTC</createdTime>
<ownerDesignName>exercicio</ownerDesignName>
<engineerTo>
<item key="50DAF716-8530-8238-2E5F-CB33617A81FC" value="true"/>
</engineerTo>
<adequatelyNormalized>NO</adequatelyNormalized>
<expectedVolumes>0</expectedVolumes>
<fwdEngineeringStrategyName>Single Table</fwdEngineeringStrategyName>
<growthPercent>0</growthPercent>
<growthType>Year</growthType>
<maxVolumes>9999999</maxVolumes>
<minVolumes>0</minVolumes>
<normalForm>Third</normalForm>
<attributes itemClass="oracle.dbtools.crest.model.design.logical.Attribute">
<Attribute name="DT_INICIO" id="FA31C549-B72E-0D39-3BFA-6FA599BB48F3">
<createdBy>logonrmlocal</createdBy>
<createdTime>2019-09-03 23:38:06 UTC</createdTime>
<ownerDesignName>exercicio</ownerDesignName>
<engineerTo>
<item key="50DAF716-8530-8238-2E5F-CB33617A81FC" value="true"/>
</engineerTo>
<nullsAllowed>true</nullsAllowed>
<use>0</use>
<ownDataTypeParameters>,,</ownDataTypeParameters>
</Attribute>
<Attribute name="DT_FIM" id="AA4AFD3A-0CF0-231E-D42F-37ED41E8E682">
<createdBy>logonrmlocal</createdBy>
<createdTime>2019-09-03 23:38:06 UTC</createdTime>
<ownerDesignName>exercicio</ownerDesignName>
<engineerTo>
<item key="50DAF716-8530-8238-2E5F-CB33617A81FC" value="true"/>
</engineerTo>
<nullsAllowed>true</nullsAllowed>
<use>0</use>
<ownDataTypeParameters>,,</ownDataTypeParameters>
</Attribute>
<Attribute name="DIA" id="6992F242-3C0D-3B26-3F46-C7E8ADF22B5F">
<createdBy>logonrmlocal</createdBy>
<createdTime>2019-09-03 23:38:06 UTC</createdTime>
<ownerDesignName>exercicio</ownerDesignName>
<engineerTo>
<item key="50DAF716-8530-8238-2E5F-CB33617A81FC" value="true"/>
</engineerTo>
<nullsAllowed>true</nullsAllowed>
<use>0</use>
<ownDataTypeParameters>,,</ownDataTypeParameters>
</Attribute>
<Attribute name="MES" id="F4B6B4C1-451B-B3AC-D7E3-F732D3BDF85E">
<createdBy>logonrmlocal</createdBy>
<createdTime>2019-09-03 23:38:06 UTC</createdTime>
<ownerDesignName>exercicio</ownerDesignName>
<engineerTo>
<item key="50DAF716-8530-8238-2E5F-CB33617A81FC" value="true"/>
</engineerTo>
<nullsAllowed>true</nullsAllowed>
<use>0</use>
<ownDataTypeParameters>,,</ownDataTypeParameters>
</Attribute>
<Attribute name="ANO" id="E048EDA2-0D34-161F-DD0B-E0CBF27DC4F9">
<createdBy>logonrmlocal</createdBy>
<createdTime>2019-09-03 23:38:07 UTC</createdTime>
<ownerDesignName>exercicio</ownerDesignName>
<engineerTo>
<item key="50DAF716-8530-8238-2E5F-CB33617A81FC" value="true"/>
</engineerTo>
<nullsAllowed>true</nullsAllowed>
<use>0</use>
<ownDataTypeParameters>,,</ownDataTypeParameters>
</Attribute>
<Attribute name="DIA_DA_SEMANA" id="C63DAC74-DBC8-6E4B-73E0-980CC4355FAD">
<createdBy>logonrmlocal</createdBy>
<createdTime>2019-09-03 23:38:07 UTC</createdTime>
<ownerDesignName>exercicio</ownerDesignName>
<engineerTo>
<item key="50DAF716-8530-8238-2E5F-CB33617A81FC" value="true"/>
</engineerTo>
<nullsAllowed>true</nullsAllowed>
<use>0</use>
<ownDataTypeParameters>,,</ownDataTypeParameters>
</Attribute>
</attributes>
</Entity>