<?xml version = '1.0' encoding = 'UTF-8'?>
<Diagram class="oracle.dbtools.crest.swingui.logical.DPVLogical" name="Logical" id="2E5197E9-075C-C6B0-64E4-A10C8E4868EF">
<createdBy>logonrmlocal</createdBy>
<modifiedBy>logonrmlocal</modifiedBy>
<createdTime>2019-09-03 23:35:57 UTC</createdTime>
<autoRoute>false</autoRoute>
<boxInbox>true</boxInbox>
<showLegend>false</showLegend>
<showLabels>false</showLabels>
<showRelAttributes>false</showRelAttributes>
<gridEnabled>false</gridEnabled>
<showGrid>false</showGrid>
<diagramColor>-1</diagramColor>
<display>false</display>
<notation>2</notation>
<objectViews>
<OView class="oracle.dbtools.crest.swingui.logical.TVEntity" oid="78F57B47-32EA-4E91-01C4-7F0F2BDF63B1" otype="Entity" vid="3523F10A-0CFB-D029-E34F-D85E4D7572BE">
<hideElementsInCurrentOnly>false</hideElementsInCurrentOnly>
<bounds x="553" y="232" width="192" height="110"/>
</OView>
<OView class="oracle.dbtools.crest.swingui.logical.TVEntity" oid="AC1F069A-F87B-580F-5B38-CCF05EB1376A" otype="Entity" vid="2A3DB309-94DB-221E-32AB-9A877F7BDD06">
<hideElementsInCurrentOnly>false</hideElementsInCurrentOnly>
<bounds x="32" y="195" width="170" height="121"/>
</OView>
<OView class="oracle.dbtools.crest.swingui.logical.TVEntity" oid="AE495ACF-2073-EDE3-DF1B-0B3A3005C44B" otype="Entity" vid="9E2FED33-980A-78CC-D648-DDCE9AD45686">
<hideElementsInCurrentOnly>false</hideElementsInCurrentOnly>
<bounds x="291" y="411" width="190" height="110"/>
</OView>
<OView class="oracle.dbtools.crest.swingui.logical.TVEntity" oid="B9CE701C-832F-E4A6-F928-EFEE51047CB7" otype="Entity" vid="E83C8A83-F45A-D4DA-D54F-93B25249254F">
<hideElementsInCurrentOnly>false</hideElementsInCurrentOnly>
<bounds x="286" y="28" width="192" height="117"/>
</OView>
</objectViews>
</Diagram>